"bref_id_mlb","lon","lat"
"mannke01",-118.4911912,34.0194543
"manonra01",-69.9312117,18.4860575
"manrifr01",-63.5535552,8.0882791
"mantoje01",-74.8518311,40.1006661
"manueba01",-92.4192993,30.6338092
"manuech01",-81.4401034,37.420948
"manueje01",-83.3726575,30.9913064
"manwaki01",-76.8077338,42.0897965
"manzajo01",-69.2996732,18.4720698
"manzara01",-69.2996732,18.4720698
"marakpa01",0.521854,52.413917
"marenle01",-83.0457538,42.331427
"maronlo01",-117.1610838,32.715738
"marqugo01",-63.2562482,10.6429802
"marquis01",-109.4437493,27.0727573
"marreor01",-66.1659674,18.3691963
"marshda01",-118.0831212,33.8658484
"marshke01",-122.4194155,37.7749295
"marshmi01",-84.0371659,41.8975471
"marshmi02",-87.9531303,42.2830786
"marshto01",-83.555212,41.6639383
"martial02",-118.2436849,34.0522342
"martial03",-117.9389526,34.0686208
"martibu01",-122.3916754,40.5865396
"martica01",-66.2676683,18.4588347
"martica02",-66.9213628,10.587508
"martich01",-88.4016041,17.5677679
"martida01",-74.0059413,40.7127837
"martide01",-85.9560005,11.9344073
"martido02",-69.9312117,18.4860575
"martied01",-74.0059413,40.7127837
"martige01",-84.2326876,32.0723861
"martije01",-81.0348144,34.0007104
"martijo04",-81.2133262,23.0365513
"martijo05",-83.1499239,42.2142064
"martima01",-82.345189,23.0540698
"martimi01",-122.6764816,45.5230622
"martino01",-69.2996732,18.4720698
"martipa03",-69.7912411,18.9436472
"martipe03",-69.8954771,18.5387701
"martira02",-69.9312117,18.4860575
"martire01",-75.5243682,39.158168
"martisi01",-70.6930568,19.4791963
"martite01",-71.1024076,18.2120807
"martiti01",-103.5438321,37.9850091
"martiti02",-82.4571776,27.950575
"martito01",-81.0174917,22.7686569
"martzga01",-117.4260466,47.6587802
"martzra01",-76.8867008,40.2731911
"marzajo01",-75.1652215,39.9525839
"mashocl01",-122.0310733,37.9779776
"mashoda01",-66.6140616,18.0110768
"masondo01",-71.0588801,42.3600825
"masonji01",-88.0398912,30.6953657
"masonmi01",-93.268827,44.2949636
"masonro01",-85.2111728,44.9802822
"masteda01",-83.555212,41.6639383
"matavi01",-70.6930568,19.4791963
"matchto01",-75.9746472,40.9584181
"mathegr01",-118.2965084,33.7906551
"mathene01",-90.2012239,38.4436637
"mathete01",-92.4451371,31.3112936
"mathiro01",-94.5785667,39.0997265
"matiajo01",-157.8583333,21.3069444
"matlajo01",-75.6054882,39.9606643
"matosfr01",-69.9312117,18.4860575
"matthga01",-6.1965948,36.4718646
"mattido01",-87.5710898,37.9715592
"matulri01",-96.1027371,29.3116366
"matusle01",-83.555212,41.6639383
"maurero01",-87.5710898,37.9715592
"mauseti01",-97.3307658,32.7554883
"maxiela01",-117.6483876,34.09751
"maybejo01",-83.0457538,42.331427
"mayca01",-86.80249,33.5206608
"mayda01",-75.5668166,39.6620397
"mayde01",-77.6109219,43.16103
"mayje01",-79.0716958,38.149576
"mayle01",-86.80249,33.5206608
"maymi01",-87.3464271,41.5933696
"maynebr01",-117.2611527,34.0483474
"mayru01",-95.6163665,37.0373005
"maysc01",-88.1834277,43.4252776
"maysema01",-79.8660914,43.2500208
"mazzile01",-74.0059413,40.7127837
"mcanaer01",-94.9657688,32.9954021
"mcandja01",-77.0010786,41.2411897
"mcandji01",-90.8176431,41.9639095
"mcbriba01",-91.9479586,38.8467082
"mccalbr01",-122.5571997,37.9521465
"mccalla01",-82.5514869,35.5950581
"mccamra01",-106.6055534,35.0853336
"mccarda01",-95.3698028,29.7604267
"mccargr01",-73.4081575,41.117744
"mccarti01",-90.0489801,35.1495343
"mccarto03",7.5709052,49.4141464
"mccaski01",-82.400129,49.380268
"mccatst01",-83.0457538,42.331427
"mcclell01",-87.3464271,41.5933696
"mcclepa01",-122.3255254,37.5629917
"mcclubo01",-122.2711137,37.8043637
"mccoobi01",-85.222184,39.3000511
"mccordo01",-119.5275506,48.4109853
"mccraro01",-83.0457538,42.331427
"mccrato01",-92.8129462,34.3623149
"mcculla01",-82.4571776,27.950575
"mcdante01",-94.5785667,39.0997265
"mcderte01",-73.6412406,40.6587138
"mcdonbe01",-91.1403196,30.4582829
"mcdonda01",-85.8241312,38.2856247
"mcdowja01",-118.451357,34.1898566
"mcdowod01",-80.1494901,26.0112014
"mcdowro01",-84.5120196,39.1031182
"mcdowsa01",-79.9958864,40.4406248
"mcelrch01",-93.939947,29.8849504
"mcenawi01",-83.8088171,39.9242266
"mcfadle01",-92.2895948,34.7464809
"mcgafan01",-80.0533746,26.7153424
"mcgeewi01",-122.4194155,37.7749295
"mcgehke01",-92.4451371,31.3112936
"mcgilra01",-88.0398912,30.6953657
"mcginda01",-95.9979883,41.2523634
"mcginru01",-95.6163665,37.0373005
"mcgloji01",-118.2436849,34.0522342
"mcgloly01",-92.1193012,32.5093109
"mcgrato01",-122.6764816,45.5230622
"mcgratu01",-122.1341321,38.0193657
"mcgresc01",-118.3531311,33.9616801
"mcgrifr01",-82.4571776,27.950575
"mcgrite01",-80.3256056,27.4467056
"mcguibi01",-95.9979883,41.2523634
"mcguimi01",-84.1916069,39.7589478
"mcgwima01",-117.7499909,34.055103
"mchenva01",-121.8374777,39.7284944
"mcintjo01",-108.5006904,45.7832856
"mcintti01",-93.2650108,44.977753
"mckayda01",-123.1207375,49.2827291
"mckeeji02",-82.9987942,39.9611755
"mckeojo01",-84.5085536,39.0836712
"mckinri01",-84.2424449,40.1447732
"mcknije01",-92.4421011,35.0886963
"mclaide01",-87.6297982,41.8781136
"mclaubo01",-122.2711137,37.8043637
"mclauby01",-118.451357,34.1898566
"mclaujo01",-95.992775,36.1539816
"mclemma01",-117.1610838,32.715738
"mcmatji01",-87.5691735,33.2098407
"mcmicgr01",-83.9207392,35.9606384
"mcmilto02",-77.4360481,37.5407246
"mcmulke01",-119.1770516,34.1975048
"mcmurcr01",-97.342782,31.0982344
"mcnalda01",-108.5006904,45.7832856
"mcnamji01",-71.467566,42.7653662
"mcnearu01",-121.4943996,38.5815719
"mcneeje01",-80.5495112,34.9854275
"mcnulbi01",-121.4943996,38.5815719
"mcquemi01",-97.5164276,35.4675602
"mcraebr01",-82.5748194,27.4989278
"mcraeha01",-81.5061862,27.5958672
"mcraeno01",-74.2107006,40.6639916
"mcreyke01",-92.2895948,34.7464809
"mcwilla01",-97.330053,37.6871761
"meachbo01",-118.2436849,34.0522342
"meachru01",-80.2528257,27.197548
"meadolo01",-77.2313436,34.9048814
"meadsda01",-74.2090053,40.8259007
"mearepa01",-97.6114237,38.8402805
"medicdo01",-80.2621852,40.615537
"medinlu01",-118.4911912,34.0194543
"medvisc01",-81.9234726,41.4156025
"meeleph01",-78.9013987,36.6987493
"meierda01",-112.0245054,46.5883707
"mejiasa01",-70.6930568,19.4791963
"melenfr01",-66.0404057,18.3894791
"melenjo01",-65.7348841,18.2116247
"melenlu01",-66.2634928,18.1385654
"meltobi01",-89.0928155,30.3674198
"melvibo01",-122.1430195,37.4418834
"mendoma01",-106.0691004,28.6329957
"mendomi02",-118.3531311,33.9616801
"menento01",-82.345189,23.0540698
"menhapa01",-90.1994042,38.6270025
"menkede01",-94.2180192,43.2927386
"meoliru01",-73.6917851,42.7284117
"mercaor01",-66.7441725,18.4596051
"mercehe01",-69.9312117,18.4860575
"mercelu01",-69.2996732,18.4720698
"mercema01",-79.0079949,35.1414552
"merceor01",-66.0602385,18.4294461
"merchan01",-88.0398912,30.6953657
"merckke01",-83.1140771,40.0992294
"meridro01",-118.2922461,33.7360619
"merribr01",-90.2290098,39.733936
"merriji01",-118.1313188,34.190162
"merulma01",-71.1369959,42.452303
"mesajo01",-70.7659102,18.4010142
"messean01",-74.1979458,39.9537358
"metcato01",-89.2848359,44.4508079
"metzgbu01",-86.8752869,40.4167022
"metzgro01",-98.8719843,30.2752011
"meulehe01",-68.8824233,12.1224221
"meyerbr01",-75.1196199,39.9259463
"meyerda01",-84.5613355,39.3995008
"meyerjo01",-157.8583333,21.3069444
"meyersc01",-87.7017175,41.7205889
"mielkga01",-94.6283192,43.9820734
"mieskma01",-84.2472116,43.6155825
"milacbo01",-74.7429384,40.2170534
"milbola01",-75.035178,39.2459477
"milchmi01",-83.9207392,35.9606384
"milesji01",-89.8084192,33.7690049
"mileymi01",-90.4056468,32.8551326
"militsa01",-82.4571776,27.950575
"millafe01",-65.8793288,18.0505201
"millebr01",-85.1393513,41.079273
"milleda01",-77.0368707,38.9071923
"milleda02",-91.2395807,43.8013556
"milledy01",-85.222184,39.3000511
"milleed04",-122.3455263,37.9621457
"millejo03",-76.6121893,39.2903848
"millejo04",-118.1270146,34.095287
"millejo05",-122.0651819,37.9100783
"milleke01",-84.2472116,43.6155825
"milleke02",-96.7969879,32.7766642
"millele01",-96.7969879,32.7766642
"milleno01",-118.2436849,34.0522342
"milleor01",-82.485187,9.4488704
"millepa01",-88.2762026,42.6780726
"millera05",-119.1770516,34.1975048
"milleri01",-85.6680863,42.9633599
"millero03",-122.6764816,45.5230622
"millero04",-79.5894828,40.0178522
"millira01",-117.1610838,32.715738
"millsal01",-81.9498042,28.0394654
"millsbr01",-119.1420517,36.2960613
"millsdi01",-71.0588801,42.3600825
"milnebr01",-97.3307658,32.7554883
"milneed01",-82.9987942,39.9611755
"milnejo01",-84.3879824,33.7489954
"mimbsmi01",-83.6324022,32.8406946
"minchna01",-97.7430608,30.267153
"minetcr01",-121.2907796,37.9577016
"mingost01",-94.5785667,39.0997265
"minorbl01",-120.4829677,37.3021632
"minshji01",-84.5085536,39.0836712
"mintogr01",-101.8551665,33.5778631
"mintzst01",-77.9447102,34.2257255
"minutgi01",-75.5397878,39.7390721
"mirabpa01",-74.1500469,40.7936744
"miranan01",-66.7441725,18.4596051
"misurmi01",-118.1937395,33.7700504
"mitchbo02",-75.3399048,40.121497
"mitchbo03",-111.8910474,40.7607793
"mitchch01",-87.3877899,36.0770048
"mitchcr01",-122.7140548,38.440429
"mitchjo02",-87.3877899,36.0770048
"mitchke01",-117.1610838,32.715738
"mitchke02",-117.1610838,32.715738
"mitchpa01",-71.8022934,42.2625932
"mittege01",-122.272747,37.8715926
"mizerjo01",-78.9708668,40.9436753
"mlickda01",-81.6943605,41.49932
"mmahake01",-90.0489801,35.1495343
"moateda01",-87.8500708,42.3091892
"moellde01",-118.5506158,34.1494848
"moelljo01",-87.6800486,41.6572562
"moffira01",-118.1937395,33.7700504
"mohlemi01",-84.1916069,39.7589478
"mohorda01",-81.6943605,41.49932
"molinbo01",-74.1723667,40.735657
"molitpa01",-93.0899578,44.9537029
"molonri01",-71.1211635,42.3317642
"mondari01",-91.6409721,35.769799
"moneydo01",-77.0368707,38.9071923
"mongesi01",-109.5489617,31.3277755
"monrola01",-83.0457538,42.331427
"montajo01",-76.4730122,37.0870821
"montara01",-66.0404057,18.3894791
"montawi01",-66.1355775,18.4465355
"monteau01",-79.4760133,22.5064672
"montejo01",-73.9923596,40.3042778
"monteri01",-82.4571776,27.950575
"montgbo01",-86.7816016,36.1626638
"montgje01",-82.5329377,39.1234054
"montgmo01",-80.2000578,35.3501426
"montgra01",-73.8320784,40.9381544
"montoch01",-66.5581092,18.3630091
"montral01",-90.0715323,29.9510658
"monzoda01",-73.8654295,40.8370495
"moockjo01",-91.2342744,30.2890833
"moonebi01",-121.7680088,37.6818745
"moorear01",-75.3076883,39.957902
"mooreba01",-80.8872959,35.7826363
"mooreba02",-97.1594321,30.0085542
"moorebi03",-118.2436849,34.0522342
"moorebo01",-92.1337448,31.6832271
"moorebo02",-84.5120196,39.1031182
"moorebr01",-105.0749801,40.3977612
"moorech02",-86.80249,33.5206608
"mooredo01",-101.8551665,33.5778631
"moorega01",-95.992775,36.1539816
"mooreju01",-94.0596305,32.4787644
"mooreke01",-87.9714774,31.5009206
"mooremi01",-98.6036735,35.1036699
"mooreto01",-118.2114603,33.930293
"moosebo01",-79.6255989,40.4181235
"moraan01",-100.9199598,28.3110783
"moralje01",-65.8793288,18.0505201
"moraljo01",-64.8815352,17.7124746
"moralri01",-122.4194155,37.7749295
"moranbi03",-76.2982742,36.8354258
"moranmi01",-79.5219893,40.816453
"mordemi01",-86.80249,33.5206608
"morehda01",-117.1610838,32.715738
"morelke01",-96.7969879,32.7766642
"morenan01",-96.4247279,19.0502406
"morenjo01",-69.9312117,18.4860575
"morenom01",-82.9286428,8.3117647
"moretro01",-66.1137767,17.9841328
"morgajo02",-96.1783111,33.5773275
"morgake01",-92.0198427,30.2240897
"morgami01",-119.3473379,36.2077288
"morlajo01",-82.9987942,39.9611755
"mormaal01",-79.7739457,34.9393201
"mormaru01",-94.4155068,39.0911161
"morogda01",-73.9441579,40.6781784
"moronje01",-95.3698028,29.7604267
"morrida01",-87.1788854,37.2011539
"morriha02",-85.7153754,31.3400515
"morrija02",-93.0899578,44.9537029
"morrija03",-98.9911611,31.7093197
"morriji01",-87.2169149,30.421309
"morrijo06",-75.1393498,38.7745565
"morrijo07",-73.5334597,40.69149
"mortoca01",-94.5785667,39.0997265
"mortoke01",-73.4081575,41.117744
"moschro01",-119.7725868,36.7468422
"mosebll01",-91.5115095,33.2378972
"mosesje01",-90.4056468,32.8551326
"mosesjo01",-118.2436849,34.0522342
"moskapa01",-94.846681,39.7674578
"motaan01",-69.9312117,18.4860575
"motajo01",-69.9312117,18.4860575
"motleda01",-95.3696909,35.7478769
"mottocu01",-91.4531724,32.6776352
"moutoja01",-104.990251,39.7392358
"moutoly01",-92.0198427,30.2240897
"moyerja01",-75.3048982,40.3539926
"muellwi01",-88.1834277,43.4252776
"mulhote01",-79.7164326,39.900076
"mullifr01",-122.2711137,37.8043637
"mullira01",-119.3473379,36.2077288
"mumphje01",-95.3010624,32.3512601
"munizma01",-66.035249,18.2387995
"munnisc01",-84.5120196,39.1031182
"munozbo01",-66.0404057,18.3894791
"munozjo01",-87.6297982,41.8781136
"munozmi01",-117.9608978,34.0852868
"munozno01",-99.8421705,19.4183363
"munozos01",-80.2781057,25.8575963
"munozpe01",-66.6140616,18.0110768
"munsoth01",-81.5190053,41.0814447
"murakma01",138.5684486,35.6641575
"murast01",-90.0715323,29.9510658
"murcebo01",-97.5164276,35.4675602
"murphbi01",-92.4343035,31.3224044
"murphda04",-70.880049,42.5584283
"murphda05",-122.6764816,45.5230622
"murphda06",-118.0831212,33.8658484
"murphdw01",-120.4829677,37.3021632
"murphro01",-80.1917902,25.7616798
"murphto02",-81.6943605,41.49932
"murrada01",-97.2891568,29.0938652
"murraed02",-118.2436849,34.0522342
"murrala01",-87.6297982,41.8781136
"murrari01",-118.2436849,34.0522342
"murreiv01",-82.269193,9.4047951
"muserto01",-118.451357,34.1898566
"musgrde01",-86.158068,39.768403
"musseje01",-75.1298939,40.3101063
"mussero01",-77.9447102,34.2257255
"mussimi01",-77.0010786,41.2411897
"mutisje01",-75.4901833,40.6084305
"myersgr01",-117.3961564,33.9533487
"myersji01",-97.5164276,35.4675602
"myersmi01",-87.9806265,42.0883603
"myersra01",-122.6614861,45.6387281
"myersro01",-89.0939952,42.2711311
"myricbo01",-89.2903392,31.3271189
"nabhoch01",-76.8867008,40.2731911
"naehrti01",-84.5120196,39.1031182
"nagelru01",-84.5120196,39.1031182
"nagych01",-73.1951767,41.1865478
"nagymi01",-74.0059413,40.7127837
"nahorbi01",-83.0496438,42.3928151
"napolda01",-78.449737,40.2967427
"narroje01",-77.9927651,35.3848841
"narumbu01",-75.1652215,39.9525839
"nashco01",-74.0776417,40.7281575
"nashji01",-118.624578,38.5246441
"nastuph01",-73.1951767,41.1865478
"natalro01",-118.1937395,33.7700504
"navarja01",-66.1659674,18.3691963
"neaglde01",-76.6654513,39.0670456
"neeltr01",-95.3596617,28.9541368
"neibaga01",-108.5006904,45.7832856
"neidlji01",-122.2566367,38.1040864
"nelsoda01",-98.4184224,34.5938359
"nelsoge01",-82.4571776,27.950575
"nelsoja01",-98.9673069,35.5156056
"nelsoje01",-76.6121893,39.2903848
"nelsoji01",-86.80249,33.5206608
"nelsori01",-111.554844,32.7558962
"nelsoro02",-118.1313188,34.190162
"nelsoro03",-118.1445155,34.1477849
"nenro01",-118.2922461,33.7360619
"nettlgr01",-117.1610838,32.715738
"nettlji01",-117.1610838,32.715738
"nettlmo01",-118.2436849,34.0522342
"neumeda01",-88.6089917,44.7822064
"newelto01",-118.0019482,34.1442616
"newhado01",-80.1917902,25.7616798
"newmaal01",-94.5785667,39.0997265
"newmaal02",-117.9461734,33.9319578
"newmafr01",-71.0588801,42.3600825
"newmaje01",-97.3307658,32.7554883
"newmara01",-87.5710898,37.9715592
"newsowa01",-84.7996573,33.3806716
"nichoca01",-118.2436849,34.0522342
"nichore01",-82.1400923,29.1871986
"nichoro02",-91.1128901,40.8076529
"nichtch01",-84.5120196,39.1031182
"nicosst01",-74.171811,40.9167654
"niedda01",-96.7969879,32.7766642
"niedeto01",-93.3702186,44.9597376
"niekrjo01",-80.724526,40.0959055
"nielsje01",-121.4943996,38.5815719
"nielssc01",-111.8910474,40.7607793
"niemara01",-124.1008808,40.4823572
"niesoch01",-119.6456844,36.3274502
"nietoto01",-118.1331593,33.9401088
"nieveju01",-66.0641969,18.4481441
"nilssda01",153.0234489,-27.4710107
"nippeal01",-117.1610838,32.715738
"nixondo01",-78.9010216,34.4081955
"nixonot01",-78.9010216,34.4081955
"noboaju01",-70.7346887,18.4531742
"nocepa01",-122.4194155,37.7749295
"nokesma01",-117.1610838,32.715738
"nolanga01",-120.1346535,40.1439386
"nolanjo01",-90.1994042,38.6270025
"nolddi01",-122.4194155,37.7749295
"nolesdi01",-80.8431267,35.2270869
"nolteer01",-118.6058609,34.208254
"nomohi01",135.5021651,34.6937378
"nomurta01",133.5311675,33.5588035
"nordbti01",-76.6121893,39.2903848
"nordhwa01",-96.1811473,48.1191353
"noriejo01",-111.9738304,41.223
"normada01",-118.2436849,34.0522342
"normafr01",-98.4936282,29.4241219
"normale01",-83.0146526,42.5144566
"normane01",-69.2996732,18.4720698
"norriji01",-73.9441579,40.6781784
"norrimi01",-122.4194155,37.7749295
"northbi01",-122.3320708,47.6062095
"northsc01",-75.1652215,39.9525839
"nortoto01",-82.1076486,41.3683798
"norwowi01",-87.9334803,32.9718107
"nosekra01",-95.9979883,41.2523634
"nossejo01",-81.6943605,41.49932
"novoara01",-74.0059413,40.7127837
"nunezed01",-65.8273847,18.1496828
"nunezjo01",-70.6097821,19.1168606
"nyeri01",-122.2711137,37.8043637
"nymanch01",-117.7499909,34.055103
"nymanje01",-111.8338359,41.7369803
"nymanny01",-83.0457538,42.331427
"o'bermi01",-86.80249,33.5206608
"o'bribo01",-79.9958864,40.4406248
"o'brich01",-95.992775,36.1539816
"o'brida03",-82.6267345,27.7518284
"o'bripe03",-118.4911912,34.0194543
"o'brisy01",-118.2200712,33.8958492
"o'conja02",-116.0541689,34.1355582
"o'donjo03",-75.5397878,39.7390721
"o'halgr01",-79.3831843,43.653226
"o'leatr01",-118.2200712,33.8958492
"o'malto01",-74.2326478,40.7706187
"o'neara01",-82.6379387,38.4784144
"o'neipa01",-82.9987942,39.9611755
"o'rildo01",-95.6890185,39.0558235
"o'toode01",-87.6297982,41.8781136
"oatesjo01",-83.2259803,35.3737111
"oberkke01",-89.6712008,38.7394918
"obradji01",-87.4773902,36.6634467
"odombl01",-83.6324022,32.8406946
"oelkebr01",-0.8890853,41.6488226
"oestero01",-84.5120196,39.1031182
"offerjo01",-69.2996732,18.4720698
"officro01",-121.4943996,38.5815719
"oglivbe01",-79.9416549,9.3352868
"ojalaki01",-85.5872286,42.2917069
"ojedabo01",-118.2436849,34.0522342
"olandji01",-110.926479,32.2217429
"olerujo01",-122.3320708,47.6062095
"olinst01",-122.6764816,45.5230622
"olivaom01",-67.1451517,18.2013463
"oliveal01",-82.9976742,38.7317431
"olivebo01",-93.7501789,32.5251516
"oliveda01",-121.2907796,37.9577016
"olivefr01",-66.0641969,18.4481441
"olivejo01",-90.0489801,35.1495343
"olivena01",-82.6267345,27.7518284
"ollomji01",-122.0981848,47.9128756
"olmstal01",-90.1994042,38.6270025
"olsongr01",-96.6658622,41.6666663
"olsongr02",-95.7911916,44.448423
"olwined01",-84.6330115,40.1028264
"ontivst01",-119.0187125,35.3732921
"ontivst02",-106.0186025,33.073973
"oquenjo01",-66.0404057,18.3894791
"oquismi01",-103.5438321,37.9850091
"oroscje01",-119.6981901,34.4208305
"orsuljo01",-74.2037566,40.805378
"ortajo01",-106.4111425,23.2494148
"ortenfr01",-119.7725868,36.7468422
"ortizhe01",-66.0404057,18.3894791
"ortizja01",-71.0588801,42.3600825
"ortizjo01",-66.6140616,18.0110768
"ortizju01",-65.8273847,18.1496828
"ortonjo01",-122.0307963,36.9741171
"osbordo01",-121.2880059,38.7521235
"osboroz01",-93.2922989,37.2089572
"osburpa01",-88.314761,36.6103334
"osikke01",-73.0692732,40.9464875
"osteeda01",-97.5164276,35.4675602
"ostrobr01",-79.8660914,43.2500208
"osunaal01",-118.3531311,33.9616801
"otisam01",-88.0398912,30.6953657
"ottbi01",-74.0059413,40.7127837
"otted01",-76.7855152,41.2056373
"ottenji01",-109.428238,47.0624732
"ottoda01",-87.6297982,41.8781136
"ouellph01",-123.0350963,44.9428975
"overymi01",-88.9645253,40.1536479
"owchibo01",-83.0457538,42.331427
"owenda01",-97.3866837,32.3476438
"owenla01",-81.6943605,41.49932
"owensja02",-84.5120196,39.1031182
"owensp01",-97.3866837,32.3476438
"ownberi01",-117.5664384,33.8752935
"paceljo01",-73.9441579,40.6781784
"pacilpa01",-74.0776417,40.7281575
"pacioji01",-83.0457538,42.331427
"paciojo01",-83.0457538,42.331427
"pacioto01",-83.0457538,42.331427
"pactwjo01",-87.5000412,41.5833688
"paepkde01",-118.1937395,33.7700504
"paganda01",-104.0130053,53.3623525
"pagelka01",-89.4012302,43.0730517
"pagemi01",-82.0370466,34.7395701
"pagemi02",-118.2436849,34.0522342
"paglimi01",-71.1061639,42.4184296
"pagnoto01",-110.926479,32.2217429
"paintla01",-0.4666546,52.1359729
"palacre01",-73.9441579,40.6781784
"palacvi01",-96.3325791,19.0940512
"palldo01",-87.6297982,41.8781136
"palmeda01",-73.6440058,43.3095164
"palmede01",-84.2807329,30.4382559
"palmeji01",-74.0059413,40.7127837
"palmelo01",-121.4943996,38.5815719
"palmeor01",-74.0323626,40.7439905
"palmera01",-82.345189,23.0540698
"pankoji01",-83.0271115,36.7584219
"panthji01",-91.1128901,40.8076529
"papajo01",-73.1951767,41.1865478
"papeke01",-98.4936282,29.4241219
"papist01",-119.7725868,36.7468422
"pappaer01",-87.6297982,41.8781136
"paquecr01",-118.1937395,33.7700504
"pardoal01",-5.8493887,43.3619145
"paredjo01",-71.7147951,10.6544509
"parenma01",-122.7094767,42.1945758
"pariske01",-118.5214282,34.1517492
"parkebi01",-86.5802533,32.1840315
"parkecl01",-92.0779129,32.1051567
"parkeda01",-89.8084192,33.7690049
"parkeha01",-89.6712008,38.7394918
"parkeri01",-94.5785667,39.0997265
"parksde01",-117.8903397,34.0900091
"parreje01",-86.158068,39.768403
"parrila01",-81.7328567,28.0222435
"parrila02",-79.881715,40.292292
"parrisa01",-66.0641969,18.4481441
"parrist01",-88.0817251,41.525031
"parromi01",-119.1770516,34.1975048
"parsobi01",-117.3961564,33.9533487
"parsoca01",-120.3103494,47.4234599
"paschbi01",-76.2858726,36.8507689
"pashnla01",-83.1785361,42.2505943
"pasleke01",-73.9441579,40.6781784
"pasquda01",-73.8987469,40.9312099
"pastocl01",-122.3320708,47.6062095
"pastofr01",-118.1270146,34.095287
"patebo01",-118.2436849,34.0522342
"patekfr01",-97.9647269,29.5688411
"pattebo01",-81.655651,30.3321838
"patteda02",-120.3601496,36.139678
"patteda03",-93.2922989,37.2089572
"pattegi01",-75.1652215,39.9525839
"patteje01",-117.9145036,33.8352932
"pattejo01",-81.7799871,24.5550593
"patteke01",-117.9186689,33.6411316
"pattemi01",-118.4911912,34.0194543
"pattere01",-86.80249,33.5206608
"pattima01",-88.1761521,39.4961458
"paulmi01",-83.0457538,42.331427
"pavlada01",8.6821267,50.1109221
"pavliro01",-95.3698028,29.7604267
"pawlojo01",-75.9588092,42.1156308
"paxtomi01",-90.0489801,35.1495343
"paynemi01",-71.5147839,42.0028761
"pazikmi01",-70.9494938,42.466763
"pecotbi01",-122.2363548,37.4852152
"pederst01",-122.1430195,37.4418834
"pedrejo01",-118.3964665,34.0211224
"pedrial01",-67.9972104,10.1579312
"pegueju01",-69.8270015,18.4889893
"peguest01",-88.998673,34.2478831
"peltida01",-73.8183804,42.844668
"pembebr01",-95.992775,36.1539816
"pemberu01",-69.2996732,18.4720698
"penaal01",-70.6871091,19.7807686
"penabe01",-66.0641969,18.4481441
"penage01",-70.0205404,18.5241872
"penahi01",-70.2973811,19.1195185
"penaji01",-118.2436849,34.0522342
"penajo01",-106.4245478,31.6903638
"penara01",-70.6930568,19.4791963
"penato01",-71.6406361,19.8473452
"pendlte01",-118.2436849,34.0522342
"pennibr01",78.1460142,11.664325
"pennsh01",-84.5120196,39.1031182
"pennywi01",-74.2654234,40.5067723
"pentzge01",-78.9219698,40.3267407
"pepitjo01",-73.9441579,40.6781784
"peppedo01",-73.7845651,43.0831301
"perazlu01",-66.0404057,18.3894791
"perazos01",-68.0298654,10.4697685
"percitr01",-117.435048,34.0922335
"percoja01",-88.0817251,41.525031
"perezed01",-84.5120196,39.1031182
"perezed02",-71.3111773,10.2214803
"perezma01",-119.2920585,36.3302284
"perezme01",-70.1030668,18.4188797
"perezmi01",-66.8498983,18.034964
"perezpa01",-70.1030668,18.4188797
"perezro01",-63.5535552,8.0882791
"perezto01",-77.9053182,21.3926035
"perezto02",-115.4522623,32.6245389
"perezyo01",-70.03245,18.423482
"perkibr01",-121.8846806,38.0279762
"perkice01",-76.6121893,39.2903848
"perlmjo01",-96.7969879,32.7766642
"perlosa01",-78.7625185,39.6528654
"perryge01",-81.0998342,32.0835407
"perryhe01",-82.98402,30.2949457
"perrypa02",-89.294533,39.548935
"persoro01",-71.3161718,42.6334247
"perzast01",-87.4547635,41.6392024
"peterad01",-118.1937395,33.7700504
"peterca01",-122.4442906,47.2528768
"peterfr01",-87.6297982,41.8781136
"peterje01",-86.8950297,41.7075394
"peterra01",-78.8783689,42.8864468
"peterri01",-118.2114603,33.930293
"peterst01",-97.5164276,35.4675602
"petkoma01",-94.1265562,30.080174
"petrage01",-121.4943996,38.5815719
"petrori01",-73.9441579,40.6781784
"petryda01",-122.1430195,37.4418834
"pettiga01",-122.2711137,37.8043637
"pettija01",-82.8779754,42.5972563
"pettijo01",-80.7209149,40.0639616
"peveyma01",-81.0998342,32.0835407
"pfeilbo01",-74.1284764,40.8567662
"phelpke01",-122.3320708,47.6062095
"phillad01",-79.5294318,9.0094559
"philled03",-97.1436254,34.1742611
"phillmi01",-94.1265562,30.080174
"phillto02",-84.3879824,33.7489954
"phoebto01",-76.6121893,39.2903848
"phoenst01",-112.0740373,33.4483771
"piattdo01",-80.3047846,40.6953437
"piazzmi01",-75.3399048,40.121497
"picciro01",-118.4911912,34.0194543
"pichahi01",-70.9844,19.5852608
"picoje01",-121.805789,38.0049214
"pierced01",-118.0353449,34.1397292
"piercja01",-89.1306124,31.6940509
"piercje01",-73.9209701,41.7003713
"piercto01",-81.4914894,31.1499528
"pinaho01",-103.2259525,25.5260426
"pinielo01",-82.4571776,27.950575
"pirtlge01",-95.992775,36.1539816
"pitlosk01",-87.9028398,41.8778084
"pittach01",-74.7429384,40.2170534
"pittmjo01",-95.3698028,29.7604267
"pittsga01",-97.330053,37.6871761
"pladsgo01",-122.910956,49.2057179
"planked02",-87.6297982,41.8781136
"planter01",-122.2170661,47.4828776
"plantph01",-71.4547891,42.9956397
"plesada01",-87.3464271,41.5933696
"ploditi01",-80.2621852,40.615537
"plummbi01",-122.2711137,37.8043637
"plunker01",-118.2643567,33.7857948
"plympje01",-71.4161565,42.279286
"pocorbi01",-118.3089661,34.1808392
"poeppmi01",-94.3694444,45.9805556
"poffjo01",-82.9824019,39.3331197
"pointaa01",-92.2895948,34.7464809
"poledi01",-89.0118069,46.4821663
"polidgu01",-66.9511459,10.5004352
"polleda01",-84.5588311,38.2097967
"polonjo01",-83.1763145,42.3222599
"polonlu01",-70.6930568,19.4791963
"ponceca01",-66.0404057,18.3894791
"pooleji02",-77.6109219,43.16103
"popovpa01",-80.1320277,39.2664815
"poqueto01",-91.4984941,44.811349
"portebo02",-114.6276916,32.6926512
"portech01",-76.6121893,39.2903848
"porteda02",-94.513281,37.0842271
"portuma01",-118.2436849,34.0522342
"posesc01",-90.5776367,41.5236437
"pottemi01",-74.9408715,45.6519493
"poulske01",-118.451357,34.1898566
"powelal01",-122.4194155,37.7749295
"powelbo01",-81.9498042,28.0394654
"powelde01",-83.7888387,31.1799407
"powelgr01",-76.515499,41.9789631
"powelho01",-87.0211007,32.4073589
"powelpa01",-100.4370375,31.4637723
"powelro01",-85.6680863,42.9633599
"powerte01",-97.4253185,35.878937
"prallwi01",-74.0434736,40.8859325
"prattto02",-95.9145568,41.1543623
"preslji01",-87.2169149,30.421309
"priceji01",-76.8867008,40.2731911
"pricejo02",-118.3531311,33.9616801
"pridecu01",-77.0368707,38.9071923
"prietar01",-82.345189,23.0540698
"princto01",-87.8611531,41.1200325
"prolymi01",-73.7889689,40.702677
"pruitro01",-83.6874562,43.0125274
"pryorgr01",-81.4548436,39.415352
"puckeki01",-87.6297982,41.8781136
"puentmi01",-100.9855409,22.1564699
"pughti01",-119.9771868,38.939926
"puhlte01",-102.804654,50.929452
"puigri01",-82.4571776,27.950575
"pujollu01",-70.6930568,19.4791963
"puleoch01",-74.2037566,40.805378
"pulidal01",-96.3598367,18.4458276
"pulliha01",-122.4194155,37.7749295
"purdijo01",-83.4129666,38.7731289
"putmaed01",-118.2436849,34.0522342
"putnapa01",-72.633995,43.8332779
"pyeed01",-87.0352831,35.6150716
"pyznati01",-87.6297982,41.8781136
"quallji01",-119.1420517,36.2960613
"quantpa01",-81.243177,42.9869502
"queenme02",-75.9588092,42.1156308
"quinlto01",-93.0899578,44.9537029
"quinolu01",-66.6140616,18.0110768
"quinore01",-66.0404057,18.3894791
"quintca01",-66.1355775,10.3693233
"quintlu01",-66.38767,18.4443908
"quirira01",-69.9312117,18.4860575
"quirkja01",-118.032844,33.9791793
"quiseda01",-118.4911912,34.0194543
"raabebr01",-94.4593018,44.3144394
"rabbjo01",-118.2436849,34.0522342
"raczkmi01",-72.7795419,41.6612104
"raderda01",-95.61609,36.3125963
"raderdo02",-87.6297982,41.8781136
"radinsc01",-118.255075,34.1425078
"raffoal01",-122.4194155,37.7749295
"raglato01",-86.1058048,33.4359416
"raicher01",-83.0457538,42.331427
"rainech01",-117.1610838,32.715738
"raineti01",-81.269453,28.8028612
"rajsida01",-80.6495194,41.0997803
"rajsiga01",-80.6495194,41.0997803
"ramiral01",-97.0035982,28.8052674
"ramirma01",-66.8498983,18.034964
"ramirmi01",-67.1451517,18.2013463
"ramiror01",-75.4794257,10.3910485
"ramirra01",-69.2996732,18.4720698
"ramosbo01",-79.8996789,22.648651
"ramosdo01",-70.6930568,19.4791963
"ramosjo01",-82.4571776,27.950575
"ramoske01",-102.9774497,41.1448219
"ramsefe01",-79.891884,9.341473
"ramsemi01",-79.9414266,37.2709704
"ramsemi02",-82.5045733,33.4706927
"randabo01",-99.8915113,39.8338946
"randajo01",-87.9064736,43.0389025
"randasa01",-88.0398912,30.6953657
"randlle01",-118.1937395,33.7700504
"randowi01",-80.4137037,33.3226624
"ransoje01",-119.7725868,36.7468422
"rapppa01",-92.657085,30.2224284
"rasmude01",-118.2436849,34.0522342
"rasmuer01",-87.7828523,42.7261309
"rathfr01",-92.2895948,34.7464809
"ratlige01",-83.6324022,32.8406946
"ratlipa01",-117.1610838,32.715738
"ratzest01",-74.171811,40.9167654
"rauchbo01",-96.7983877,44.3113573
"raudmbo01",-80.085059,42.1292241
"raudo01",-96.5396933,29.7066232
"rautzla01",-76.195499,40.6856456
"rawlesh01",-87.7828523,42.7261309
"rayfofl01",-90.0489801,35.1495343
"rayji01",-81.0250784,34.9248667
"rayjo01",-95.3430239,36.1859301
"rayla01",-85.3799577,38.7358933
"raziaba01",-90.0715323,29.9510658
"readyra01",-122.3255254,37.5629917
"reamsle01",-92.0031955,34.2284312
"reardje01",-73.2453824,42.4500845
"reberfr01",-116.6873596,43.6629384
"rebouje01",-84.1916069,39.7589478
"redfepe01",-118.255075,34.1425078
"redfijo01",-75.1298939,40.3101063
"redmogl01",-83.0457538,42.331427
"redmowa01",-86.9716741,34.8028661
"redusga01",-86.9705632,34.7314786
"reecebo01",-121.4943996,38.5815719
"reedbo01",-71.0588801,42.3600825
"reedda01",-119.242889,34.4480495
"reedje01",-83.4473809,35.4309291
"reedje02",-88.0817251,41.525031
"reedjo01",-82.4571776,27.950575
"reedri01",-82.445154,38.4192496
"reedro01",-86.7227195,41.611143
"reedst01",-118.2436849,34.0522342
"reeseri01",-83.9846655,41.0983846
"reichri01",-89.4012302,43.0730517
"reidje01",-157.8583333,21.3069444
"reidsc01",-87.6297982,41.8781136
"reimeke01",-83.6324022,32.8406946
"reinbmi01",-117.1610838,32.715738
"reitzke01",-122.4194155,37.7749295
"remlimi01",-74.4229341,41.4459271
"remmewi01",4.3006999,52.0704978
"remyje01",-71.1550451,41.7014912
"renfrla01",-91.403171,31.5604442
"renicri01",-83.4482529,39.8864493
"renkost01",-94.6274636,39.114053
"renteri01",-118.2965084,33.7906551
"reploan01",-86.2519898,41.6763545
"repozro01",-122.4781473,48.74908
"retteme01",-83.6874562,43.0125274
"reuscpa01",-91.4098726,39.9356016
"reuscri01",-91.4098726,39.9356016
"reussje01",-90.1994042,38.6270025
"revento01",-94.2020084,46.3526733
"reverda01",-121.2880059,38.7521235
"reyesca01",-80.1917902,25.7616798
"reyesgi01",-69.9312117,18.4860575
"reynoar01",-118.255075,34.1425078
"reynoar02",-100.9855409,22.1564699
"reynobo01",-122.3320708,47.6062095
"reynocr01",-95.3698028,29.7604267
"reynodo01",-93.0537839,34.1209292
"reynoha01",-123.0867536,44.0520691
"reynoke01",-74.9810019,40.1392766
"reynor.01",-121.4943996,38.5815719
"reynoro02",-97.330053,37.6871761
"reynosh01",-91.8723497,32.7562463
"reynoto01",-92.9576596,32.7890359
"rhodear01",-97.1466695,31.549333
"rhodeka01",-84.5120196,39.1031182
"rhoderi01",-80.0905465,26.5317866
"rhombke01",-90.6645718,42.5005583
"ribande01",-83.0457538,42.331427
"riccefr01",-76.1474244,43.0481221
"riccich01",-75.1253492,40.1198332
"riceji01",-82.6501332,34.5034394
"ricepa01",-103.2310149,44.0805434
"richage01",-81.2984285,34.3526459
"richaj.01",-92.6479275,32.5909817
"richaje01",-98.3420118,40.9263957
"richaje02",-97.330053,37.6871761
"richale01",-92.0198427,30.2240897
"richami01",-118.3812562,34.187044
"richaru01",-95.3698028,29.7604267
"richiro01",-119.8138027,39.5296329
"ricofr01",-112.1137716,34.7489107
"riddlde01",-79.8244947,37.816239
"riesgni01",-118.1937395,33.7700504
"righeda01",-121.8863286,37.3382082
"rightro01",-83.555212,41.6639383
"rijojo01",-70.1030668,18.4188797
"rileser01",-84.2012897,30.8774132
"rileyge01",-75.1652215,39.9525839
"rincoan01",-118.1228476,34.0625106
"rineeje01",-76.3055144,40.0378755
"riosju01",-67.1451517,18.2013463
"ripkebi01",-76.091617,39.5492792
"ripkeca01",-76.091617,39.5492792
"ripleal01",-71.1989695,42.1943909
"rislebi01",-87.6297982,41.8781136
"ritchwa01",-118.255075,34.1425078
"rittere01",-92.8129462,34.3623149
"rittwji01",-81.6943605,41.49932
"ritzke01",-74.0509725,40.2962222
"riverbe01",-69.2996732,18.4720698
"riverbo01",-66.6140616,18.0110768
"riverge01",-66.0641969,18.4481441
"riverlu01",-66.1612779,18.1757914
"riverma01",-79.4028639,9.1011785
"rivermi01",-80.1917902,25.7616798
"riverro01",-66.1659674,18.3691963
"robbibr01",-84.9777455,40.4344895
"roberan01",-93.7365549,30.0929879
"roberbe01",-70.2147764,44.100351
"roberbi01",-122.272747,37.8715926
"roberbo01",-78.928357,39.6581424
"roberda04",-84.8418926,38.536456
"roberda05",-82.2023691,38.809803
"roberda06",-122.9070339,44.5365119
"roberje01",-95.2669155,39.3222209
"roberke01",-88.9548001,39.8403147
"roberle01",-85.532775,42.1200456
"roberri01",-122.2977475,37.88687
"roberri02",-94.6554874,31.6035129
"robidbi01",-72.2398566,42.2598457
"robinbi02",-79.8641232,40.3470671
"robinbr02",-117.2712717,32.8328112
"robincr01",-75.1253492,40.1198332
"robinda01",-93.2650108,44.977753
"robinde01",-87.6876969,42.0450722
"robindo01",-82.6379387,38.4784144
"robinje01",-117.8678338,33.7455731
"robinje02",-119.2290316,34.274646
"robinke01",-81.6051221,41.012833
"robinro01",-119.1420517,36.2960613
"roblera01",-69.2996732,18.4720698
"roblese01",-110.9641681,30.6272249
"robsoto01",-77.6109219,43.16103
"rochfmi01",-71.1908924,42.7262016
"rockepa01",-98.4936282,29.4241219
"rodasri01",-121.2880059,38.7521235
"rodriau01",-110.289179,30.9897648
"rodrica01",-99.133208,19.4326077
"rodried01",-66.5385055,18.4505017
"rodried02",-66.6140616,18.0110768
"rodriel01",-65.6523838,18.3257869
"rodrihe02",-69.9312117,18.4860575
"rodriri01",-122.2711137,37.8043637
"rodriri02",-118.1331593,33.9401088
"rodriro01",-66.9511459,10.5004352
"rodriro02",-108.985882,25.7904657
"rodriru01",-69.9000612,19.6263536
"rodrivi01",-74.0059413,40.7127837
"roeniga01",-117.8903397,34.0900091
"roeniro01",-117.8903397,34.0900091
"roeslmi01",-85.1393513,41.079273
"rogerji02",-95.992775,36.1539816
"rogerke01",-81.0998342,32.0835407
"rogerke02",-90.7248187,33.7440023
"rogerst01",-92.1735164,38.5767017
"roggega01",-81.6943605,41.49932
"rogodmi01",-87.6876969,42.0450722
"rohdeda01",-122.1141298,37.3852183
"rohnda01",-83.4327528,45.0616794
"rohrbi01",-117.1610838,32.715738
"rohrle01",1.753449,52.481138
"rohrmda01",-84.5120196,39.1031182
"rojasme01",-70.03245,18.423482
"rolanji01",-83.3815429,35.1823171
"romanjo02",-70.6871091,19.7807686
"romanro01",-113.7927948,42.5357428
"romanto01",-76.1474244,43.0481221
"romered01",-66.0641969,18.4481441
"romerma01",-80.1917902,25.7616798
"romerra01",-69.2996732,18.4720698
"rominke01",-70.9477546,42.9814292
"romoen01",-112.2701486,27.3361939
"romovi01",-112.2701486,27.3361939
"ronanma01",-85.640289,31.459017
"rondogi01",-73.8654295,40.8370495
"roofge01",-88.6000478,37.0833893
"roofph01",-88.6000478,37.0833893
"rookeji01",-120.345792,42.1887721
"roomero01",-76.8099041,18.0178743
"roonepa01",-87.6297982,41.8781136
"roquejo01",-66.6140616,18.0110768
"rosadlu01",-66.0641969,18.4481441
"rosarji01",-66.1659674,18.3691963
"rosarvi01",-69.2549736,18.7635428
"rosebo01",-117.8903397,34.0900091
"rosedo01",-117.8903397,34.0900091
"roselda01",-67.1451517,18.2013463
"rosenst01",-73.9441579,40.6781784
"rosenwa01",-73.9441579,40.6781784
"rosepe01",-84.5120196,39.1031182
"rosepe02",-84.5120196,39.1031182
"rossga01",-79.8641232,40.3470671
"rossma01",-94.7976958,29.3013479
"rossyri01",-66.1057217,18.4663338
"rothsla01",-87.6297982,41.8781136
"rounsge01",-96.7527956,34.9595263
"rowdowa01",-72.6620402,40.9170435
"rowlami01",-87.6297982,41.8781136
"rowlari01",-123.0172227,38.8054624
"royerst01",-88.0853154,38.7308811
"roystje01",-121.4943996,38.5815719
"roystwi01",-78.5569449,36.6240297
"rozemda01",-85.6680863,42.9633599
"ruberso01",-74.1502007,40.5795317
"rubiojo01",-115.4522623,32.6245389
"ruckeda01",-117.2897652,34.1083449
"rudijo01",-120.9968782,37.6390972
"rudolke01",-89.0939952,42.2711311
"ruebema01",-84.5120196,39.1031182
"ruffcsc01",-98.1244531,29.7030024
"ruffibr01",-101.8551665,33.5778631
"ruhleve01",-84.5858431,43.7566946
"ruizch02",-66.0641969,18.4481441
"rungepa01",-73.9973608,41.9270367
"runneto01",-104.7091322,40.4233142
"ruskisc01",-81.655651,30.3321838
"russebi01",-94.70496,37.410884
"russeje01",-84.5120196,39.1031182
"russejo02",-97.5164276,35.4675602
"rustedi01",-87.6297982,41.8781136
"ruthvdi01",-121.4943996,38.5815719
"ryalma01",-95.9819429,35.4398261
"ryanke01",-71.3825558,41.878711
"ryanmi02",-71.0772796,42.7762015
"ryanno01",-97.2752704,28.3052838
"ryersga01",-118.2436849,34.0522342
"saberbr01",-87.6355995,41.506146
"saboch01",-83.0457538,42.331427
"sadecra01",-94.6274636,39.114053
"sadekmi01",-93.2650108,44.977753
"sadowji01",-79.9958864,40.4406248
"sagera.01",-82.9987942,39.9611755
"sakatle01",-157.8583333,21.3069444
"salasma01",-74.9408715,45.6519493
"salazan01",-64.4674203,9.4292297
"salazlu01",-64.67768,10.1445691
"salmoch01",-79.9416549,9.3352868
"salmoti01",-118.1937395,33.7700504
"sambijo01",-73.9441579,40.6781784
"sampebi01",-89.3648183,40.1483768
"samplbi01",-79.9414266,37.2709704
"samueju01",-69.2996732,18.4720698
"samuero01",-121.8863286,37.3382082
"sanchal01",-69.2996732,18.4720698
"sanchal02",-122.0310733,37.9779776
"sanchce01",-97.0935497,18.9151072
"sanchis01",NA,NA
"sanchlu01",-63.5540551,10.4977514
"sanchor01",-65.8997533,18.3748748
"sanchre01",-66.0404057,18.3894791
"sandbry01",-117.4260466,47.6587802
"sandede02",-81.8723084,26.640628
"sandejo01",-98.3420118,40.9263957
"sandeke01",-90.1994042,38.6270025
"sandere01",-86.80249,33.5206608
"sandere02",-79.7625625,34.1954331
"sandesc01",-83.1763145,42.3222599
"sandesc02",-91.3584816,39.7083789
"sandsch01",-76.4730122,37.0870821
"sandtto01",-73.9441579,40.6781784
"sanfomo01",-84.2326876,32.0723861
"sanguma01",-79.9416549,9.3352868
"santaan01",-69.2996732,18.4720698
"santaf.01",-83.3527097,42.36837
"santara01",-68.9658817,18.4338645
"santibe01",-66.6140616,18.0110768
"santijo02",-66.5075079,18.0534372
"santoal01",-74.2286435,40.7263249
"santone01",-83.6880257,22.4133651
"santora01",-66.3911686,18.2269224
"santoro01",-122.3320708,47.6062095
"sarmima01",-67.4576109,10.1756523
"sasakka01",140.8693558,38.268215
"sassema01",-85.0471505,31.6090569
"satrito01",-79.9958864,40.4406248
"saucike01",-87.2169149,30.421309
"saundde01",-118.1270146,34.095287
"saunddo01",-117.8131125,33.8886259
"sauveri01",-77.1067698,38.8799697
"savagja01",-85.7584557,38.2526647
"saverbo01",-73.4081575,41.117744
"sawyeri01",-119.0187125,35.3732921
"saxda01",-121.4943996,38.5815719
"saxst01",-121.4943996,38.5815719
"scanlbo01",-118.2436849,34.0522342
"scanlpa02",-93.2650108,44.977753
"scarbra02",-119.7725868,36.7468422
"scarcma01",-79.3950228,36.5859718
"scarsst01",-117.9145036,33.8352932
"schaapa01",-79.9958864,40.4406248
"schaeje01",-73.019343,40.7659783
"schaema01",-118.4911912,34.0194543
"schatda01",-87.9403418,41.8994744
"schatje01",-119.7725868,36.7468422
"scheiri01",-74.0059413,40.7127837
"scheiri02",-74.1502007,40.5795317
"scherbi01",-78.880315,43.0203347
"scherfr01",-84.1916069,39.7589478
"schilcu01",-149.9002778,61.2180556
"schirca01",-95.3698028,29.7604267
"schleru01",-84.5120196,39.1031182
"schluja01",-112.0740373,33.4483771
"schmeal01",-118.032844,33.9791793
"schmida01",-86.2541768,41.8297694
"schmida02",-111.8314724,33.4151843
"schmimi01",-84.1916069,39.7589478
"schneda01",-87.5710898,37.9715592
"schneda02",-75.4901833,40.6084305
"schneje01",-122.6329356,47.5673202
"schoege01",-90.0715323,29.9510658
"schofdi02",-89.6501481,39.7817213
"schoomi01",-117.9145036,33.8352932
"schoupe01",-97.7430608,30.267153
"schrest02",-87.6297982,41.8781136
"schrobi01",-76.6121893,39.2903848
"schrobo01",-74.0087505,40.8342669
"schroke01",-116.1223654,45.926552
"schuero01",-99.2120593,38.9771934
"schulbu01",-81.6943605,41.49932
"schulda01",-71.4161565,42.279286
"schuldo01",-88.0797933,41.9847504
"schuler01",-117.1610838,32.715738
"schulje01",-87.5710898,37.9715592
"schuri01",-75.1652215,39.9525839
"schwaje01",-80.3256056,27.4467056
"schwami01",-94.1680158,42.4974694
"schwara01",-118.2436849,34.0522342
"sciosmi01",-75.3076883,39.957902
"sconida01",-117.2897652,34.1083449
"scottda01",-119.7725868,36.7468422
"scottdi03",-68.4194641,44.5434095
"scottdo01",-82.7717684,28.0197404
"scottga01",-73.7823549,40.9114882
"scottge02",-91.0377029,33.399661
"scottjo01",-90.1848103,32.2987573
"scottmi02",11.3235439,50.9794934
"scottmi03",-118.4911912,34.0194543
"scottro01",-86.158068,39.768403
"scottti01",-119.6456844,36.3274502
"scottto01",-84.5120196,39.1031182
"scranji01",-118.3406288,33.8358492
"scrivch01",-77.0469214,38.8048355
"scrugto01",-117.3961564,33.9533487
"scuddsc01",-95.555513,33.6609389
"scurrro01",-121.4943996,38.5815719
"seamaki01",-88.5561272,30.3657552
"seaneru01",-115.530267,32.9786566
"searara01",-73.5831835,40.6576022
"searcst01",-83.9207392,35.9606384
"seaveto01",-119.7725868,36.7468422
"sebrabo01",-74.1165313,40.9792645
"secrido01",-122.3320708,47.6062095
"seela01",-118.081733,33.9022367
"seelbch01",-81.7981908,41.4819932
"segelhe01",-122.3255254,37.5629917
"seguida01",-94.6274636,39.114053
"segurjo01",-71.1842119,18.2855138
"seibeku01",-76.915807,38.928167
"seilhri01",-96.3977442,30.1668828
"seitzke01",-89.6501481,39.7817213
"selleje01",-118.2200712,33.8958492
"sellsda01",-121.9877444,38.3565773
"selmadi01",-117.8678338,33.7455731
"sembeca01",-97.1705425,29.4291304
"sembemi01",-87.5000412,41.5833688
"seminfr01",-73.9441579,40.6781784
"sentest01",-86.158068,39.768403
"seoanma01",-82.4571776,27.950575
"sernapa01",-115.5630514,32.792
"serumga01",-96.7898034,46.8771863
"servasc01",-91.2395807,43.8013556
"servisc01",-84.5120196,39.1031182
"sevcijo01",-87.7845025,41.8850317
"several01",-73.9441579,40.6781784
"severri01",-118.0831212,33.8658484
"sextoji01",-88.0398912,30.6953657
"shamsar01",-90.1994042,38.6270025
"shanagr01",-124.1636729,40.8020712
"shankha01",-79.3831843,43.653226
"sharodi01",-122.3255254,37.5629917
"sharpbi01",-84.1052256,40.742551
"sharpmi01",-80.8556476,33.4918203
"shaveje01",-80.3047846,40.6953437
"shavejo01",-82.3540178,31.2135511
"shawdo01",-79.9958864,40.4406248
"shawje01",-83.4390843,39.5364511
"sheafda01",-81.655651,30.3321838
"sheast01",-71.8022934,42.2625932
"sheetla01",-79.0716958,38.149576
"sheffga01",-82.4571776,27.950575
"shelbjo01",-84.5037164,38.0405837
"sheldbo01",-74.9408715,45.6519493
"sheldsc01",-87.5000412,41.5833688
"shellji01",-117.3961564,33.9533487
"sheltbe01",-87.6297982,41.8781136
"shephke01",-85.8205411,40.797821
"shephro01",-94.7404891,32.5007037
"sheripa01",-83.7430378,42.2808256
"shermda02",-118.2436849,34.0522342
"sherrde01",-80.1917902,25.7616798
"sherrti01",-93.1076765,36.2297936
"shielst01",-86.0066386,34.014264
"shielto01",-77.3063733,38.8462236
"shiffst01",-94.5785667,39.0997265
"shinaza01",-90.1994042,38.6270025
"shinera01",-78.898619,35.9940329
"shipada01",-113.4909267,53.544389
"shiplcr01",151.0031549,-33.8151285
"shirlba01",-97.396381,27.8005828
"shirlbo01",-96.76697,35.9850639
"shirlst01",-122.4194155,37.7749295
"shockco01",-75.3854728,38.6901134
"shopato01",-72.9492703,41.6717648
"shousbr01",-88.5433829,39.1200418
"shower01",-117.3961564,33.9533487
"shumpte01",-88.6000478,37.0833893
"siddajo01",-83.0363633,42.3149367
"siebepa01",-93.2650108,44.977753
"sierrca01",-66.0404057,18.3894791
"sierrru01",-66.0404057,18.3894791
"silveda01",-90.1994042,38.6270025
"silvelu01",-70.7852368,19.5492116
"silveto01",-70.6930568,19.4791963
"simmone01",-77.0368707,38.9071923
"simmote01",-83.096868,42.4055925
"simmsmi01",-117.8531119,33.7877944
"simondo01",-119.0187125,35.3732921
"simpsdi01",-77.0368707,38.9071923
"simpsjo01",-97.3611394,35.0136831
"simpsst01",-94.846681,39.7674578
"simpswa01",-118.2436849,34.0522342
"simsdu01",-111.8910474,40.7607793
"simsgr01",-122.4194155,37.7749295
"sinatma01",-72.6850932,41.7637111
"singebi01",-118.2436849,34.0522342
"singlke01",-74.0059413,40.7127837
"sipinjo01",-121.7568946,36.910231
"siscost01",-118.8375937,34.1705609
"siskdo01",-122.2170661,47.4828776
"siskto01",-97.1436254,34.1742611
"siwyji01",-71.3825558,41.878711
"sizemte01",-86.0066386,34.014264
"skaggda01",-118.4911912,34.0194543
"skalsjo01",-87.5567108,41.638924
"skaugda01",-94.233019,43.0699663
"skidmro01",-88.9548001,39.8403147
"skinnjo01",-117.2712717,32.8328112
"skokcr01",-73.872635,41.0145418
"skubebo01",-118.530123,34.2381251
"slaglro01",-97.330053,37.6871761
"slatoji01",-118.1937395,33.7700504
"slaugdo01",-118.1937395,33.7700504
"slaugst01",-87.6300207,40.124481
"slaybbi01",-118.3286614,34.0928092
"slocuhe01",-73.7889689,40.702677
"slocuro01",-120.9968782,37.6390972
"slusajo01",-86.158068,39.768403
"smajscr01",-95.3698028,29.7604267
"smallha01",-84.3879824,33.7489954
"smallma01",-122.6764816,45.5230622
"smallro02",-118.2436849,34.0522342
"smilejo01",-75.5149128,40.1303822
"smithbe01",-90.4414762,30.4388041
"smithbi05",-92.7331928,32.2756312
"smithbi06",-94.9713134,29.3685674
"smithbr01",-84.5499327,33.952602
"smithbr02",-80.8431267,35.2270869
"smithch05",-118.3406288,33.8358492
"smithch07",-90.0489801,35.1495343
"smithda02",-122.3477486,37.9357576
"smithda03",-95.6160549,30.0971621
"smithda04",-76.6121893,39.2903848
"smithda05",-93.0899578,44.9537029
"smithdi03",-81.2545251,35.473745
"smithdw01",-84.2807329,30.4382559
"smithgr01",-76.6121893,39.2903848
"smithji02",-118.4911912,34.0194543
"smithke01",-82.5723193,27.5214269
"smithke02",-80.6495194,41.0997803
"smithke03",-118.2436849,34.0522342
"smithle02",-93.2118341,32.3440451
"smithlo01",-87.6297982,41.8781136
"smithma02",-77.0469214,38.8048355
"smithmi03",-87.4669587,35.7789565
"smithmi04",-90.1848103,32.2987573
"smithmi05",-98.4936282,29.4241219
"smithoz01",-88.0398912,30.6953657
"smithpe01",-71.3468091,42.2775281
"smithpe02",-70.9453218,42.1048228
"smithra01",-118.255075,34.1425078
"smithre06",-93.7501789,32.5251516
"smithro01",-73.8370786,40.9125992
"smithro02",-88.2825668,42.0354084
"smithto04",-80.2000578,35.3501426
"smithwi03",-81.0998342,32.0835407
"smithza01",-89.4012302,43.0730517
"smoltjo01",-83.0457538,42.331427
"snellna01",-80.8556476,33.4918203
"snideva01",-86.80249,33.5206608
"snookfr01",-74.60988,40.5742696
"snowj.01",-118.1937395,33.7700504
"snydebr01",-74.8593318,40.5123258
"snydeco02",-118.3531311,33.9616801
"soderer01",-76.1804843,42.6011813
"soffra01",-84.0371659,41.8975471
"sofieri01",-104.8202462,41.1399814
"sojolu01",-66.9511459,10.5004352
"solaito01",-170.7131255,-14.3106025
"solanju01",-69.0389048,18.7653036
"solomed01",-83.7315723,32.4582065
"sorenla01",-83.0457538,42.331427
"sorrebi01",-83.4326841,38.1839705
"sorrepa01",-71.0994968,42.3875968
"sosael01",-70.5205436,19.2152609
"sosajo01",-69.9312117,18.4860575
"sosasa01",-69.2996732,18.4720698
"sotoma01",-70.3301173,18.2854798
"southbi02",-89.4012302,43.0730517
"souzama01",-122.2363548,37.4852152
"sparkst01",-95.992775,36.1539816
"sparmjo01",-81.5215093,40.7967244
"speckcl01",-122.6764816,45.5230622
"speedho01",-118.2436849,34.0522342
"spehrti01",-94.2260559,39.3391712
"speiech01",-122.2416355,37.7652065
"spencbo01",-117.1610838,32.715738
"spencji01",-76.9830358,39.8006553
"spencst02",-122.6614861,45.6387281
"spencto01",-82.2023691,38.809803
"sperrro01",-122.4194155,37.7749295
"spierbi01",-80.8556476,33.4918203
"spiezed01",-88.0817251,41.525031
"spikech01",-89.8486858,30.7910204
"spillda01",-106.313081,42.866632
"spilmha01",-84.155741,31.5785074
"spinksc01",-87.6297982,41.8781136
"splitpa01",-87.5710898,37.9715592
"spradje01",-117.9242966,33.8703596
"spraged01",-71.0588801,42.3600825
"spraged02",-122.0863522,37.6940973
"sprinde01",-119.7725868,36.7468422
"sprinru01",-92.4451371,31.3112936
"sprinst01",-118.1937395,33.7700504
"sproubo01",-76.533022,40.1084289
"sprowbo01",-82.7079605,41.4489396
"squirmi01",-85.5872286,42.2917069
"st.clra01",-73.6440058,43.3095164
"stablge01",-118.3531311,33.9616801
"staehma01",-87.7845025,41.8850317
"staggst01",-149.9002778,61.2180556
"stahlla01",-89.9839935,38.5200504
"staigro01",-95.992775,36.1539816
"stairma01",-66.0633081,45.2733153
"staneal01",-72.589811,42.1014831
"stanfke01",-98.2142572,44.3633173
"stanhdo01",-89.2361935,38.0114393
"stanipe01",-87.6467131,41.6100344
"stanist01",-87.840625,42.2586342
"stankan01",-118.3531311,33.9616801
"stanlbo01",-70.2553259,43.661471
"stanlfr01",-94.403859,42.2760896
"stanlmi01",-85.6680863,42.9633599
"stanlmi02",-80.1373174,26.1224386
"stantle01",-79.4311616,34.3371047
"stantmi01",-90.1994042,38.6270025
"stantmi02",-95.3698028,29.7604267
"staplda01",-87.9033261,30.5229719
"staplda02",-110.8687232,33.3992217
"stargwi01",-96.8033538,35.2675733
"starkma01",-118.032844,33.9791793
"statoda01",-122.3320708,47.6062095
"statojo01",-122.3320708,47.6062095
"staubru01",-90.0715323,29.9510658
"stearjo01",-104.990251,39.7392358
"steelji01",-90.1848103,32.2987573
"steevmo01",-88.9456158,38.6269929
"stefejo01",-80.3414693,33.9204354
"stegmda01",-118.3531311,33.9616801
"steinbi02",-85.1797142,42.3211522
"steinra02",-117.7499909,34.055103
"steinte01",-94.4593018,44.3144394
"steirri01",-76.6121893,39.2903848
"stelmri01",-87.6297982,41.8781136
"stembje01",-74.2107006,40.6639916
"stenhmi01",-104.6091409,38.2544472
"stennre01",-79.9416549,9.3352868
"stephbu01",-119.0167679,36.06523
"stephea01",-78.548621,35.3821067
"stephje01",-83.0457538,42.331427
"stephjo02",-83.0132301,38.7245208
"stephph01",-97.4253185,35.878937
"stephra01",-95.3698028,29.7604267
"sterlra01",-81.7799871,24.5550593
"stevele01",-94.5785667,39.0997265
"stewada01",-122.2711137,37.8043637
"stewasa01",-82.5514869,35.5950581
"stidhph01",-95.992775,36.1539816
"stiebda01",-117.8678338,33.7455731
"stillku01",-118.255075,34.1425078
"stillro02",-118.4911912,34.0194543
"stimacr01",-87.7845025,41.8850317
"stinsbo01",-80.8484043,36.2443012
"stoddbo01",-121.8863286,37.3382082
"stoddti01",-87.4547635,41.6392024
"stonebi01",-87.7845025,41.8850317
"stonege02",-92.637927,32.5232053
"stonege03",-118.3089661,34.1808392
"stoneje01",-90.0556493,36.2361762
"stonero02",-122.1791556,39.9276572
"stonest01",-81.5267873,41.5931049
"stottme01",-92.0248806,37.5250439
"stottme02",-119.7689222,46.2067997
"stottto01",-120.0086538,46.3237423
"strahmi01",-87.6297982,41.8781136
"straijo01",-104.990251,39.7392358
"strakle01",-63.5535552,8.0882791
"strambo01",-89.0187222,42.6827885
"strando01",-82.3940104,34.8526176
"strawda01",-118.2436849,34.0522342
"stricji01",-118.2436849,34.0522342
"stritma01",-73.425676,40.8681539
"strohjo01",-103.852148,44.6713733
"strombr01",-117.1610838,32.715738
"stronjo01",-122.0399663,38.2493581
"stroust01",-119.2920585,36.3302284
"stubbfr01",-79.4628248,34.7740494
"stupejo01",-79.8953328,40.8611755
"suareke01",-82.4571776,27.950575
"suchdi01",-79.1802994,35.4798757
"sudakbi01",-88.0817251,41.525031
"suerowi01",-69.9312117,18.4860575
"suklaed01",-118.1937395,33.7700504
"sulargu01",-93.2650108,44.977753
"sullijo07",-74.60988,40.5742696
"sullima02",-71.0022705,42.2528772
"summech01",-122.6329356,47.5673202
"sundbji01",-90.3712395,40.9478158
"surhob.01",-73.8654295,40.8370495
"surhori01",-73.8654295,40.8370495
"sutclri01",-94.4155068,39.0911161
"sutheda01",-118.255075,34.1425078
"suthega01",-118.255075,34.1425078
"suthele01",-75.8301537,20.01693
"sutkogl01",-84.3879824,33.7489954
"suttebr01",-76.3055144,40.0378755
"suttodo01",-85.6104972,31.7087753
"suttojo01",-96.7969879,32.7766642
"sveumda01",-122.3477486,37.9357576
"swaggbi01",-81.269453,28.8028612
"swancr01",-118.451357,34.1898566
"swanru01",-121.9885719,37.5482697
"swansst01",-121.6169108,39.1404477
"swartda01",-84.3982763,39.5150576
"sweenma01",-71.4161565,42.279286
"sweetri01",-122.9381672,46.1381676
"swiftbi02",-70.2553259,43.661471
"swindgr01",-97.3307658,32.7554883
"swingpa01",-118.3531311,33.9616801
"swishst01",-81.5615135,39.2667418
"swoboro01",-76.6121893,39.2903848
"sykesbo01",-74.0314165,40.2005472
"szotkke01",-75.5397878,39.7390721
"tabakje01",-81.6051221,41.012833
"tabbje01",-99.3340442,34.637765
"tablepa01",-84.5613355,39.3995008
"taborgr01",-122.0863522,37.6940973
"tackeje01",-119.7725868,36.7468422
"tagucso01",130.4017155,33.5903547
"takahke01",139.6380256,35.4437078
"takatsh01",132.4552927,34.3852029
"talbofr01",-77.0368707,38.9071923
"tamarjo01",-82.4571776,27.950575
"tananfr01",-83.0457538,42.331427
"tannebr01",-80.347009,41.0036719
"tapanke01",-93.6091064,41.6005448
"tartada01",-66.1057217,18.4663338
"tarvela01",-120.9968782,37.6390972
"tatera01",-87.677251,34.79981
"tatest01",-86.5861037,34.7303688
"tatumja01",-119.7725868,36.7468422
"tatumji01",-117.1610838,32.715738
"tatumke01",-92.4451371,31.3112936
"taubeed01",-97.7483312,28.4008319
"taveral01",-70.6930568,19.4791963
"taverfr01",-71.5056249,19.6655458
"taylobi04",-83.8701636,30.5452022
"taylobo01",-90.8976007,33.4053949
"taylobr01",-71.8634062,42.3517585
"tayloca01",-82.5306527,27.3364347
"tayloch02",-86.4602717,35.483406
"taylodo01",-75.1253492,40.1198332
"taylodw01",-118.2436849,34.0522342
"tayloga01",-83.0457538,42.331427
"taylosc01",-84.3557802,41.2844933
"taylosc02",-95.6890185,39.0558235
"taylote01",-86.5727995,30.7541808
"taylowa01",-88.0398912,30.6953657
"tejadwi01",-69.9312117,18.4860575
"tekulke01",-84.5120196,39.1031182
"telfoan01",-121.8863286,37.3382082
"telghda01",-74.4229341,41.4459271
"tellmto01",-79.1450445,41.8439486
"templga01",-101.4415521,34.1245183
"tenacge01",-79.8369958,40.6114557
"tepedfr01",-73.9441579,40.6781784
"terlebo01",-74.7429384,40.2170534
"terlegr01",-118.3964665,34.0211224
"terpkje01",-76.515499,41.9789631
"terreje01",-93.5083843,44.0770411
"terrewa01",-85.7371847,38.2775702
"terrysc01",-103.1360403,32.7026116
"tettlmi01",-97.5164276,35.4675602
"teufeti01",-73.6281964,41.0262417
"tewksbo01",-71.5375718,43.2081366
"thayegr01",-91.6656232,41.9778795
"theisdu01",-82.0131924,39.9403453
"theobro01",-122.2711137,37.8043637
"theodge01",-111.8910474,40.7607793
"thigpbo01",-84.2807329,30.4382559
"thobeto01",-84.5085536,39.0836712
"thoendi01",-91.887271,39.1730652
"thomaan01",-69.6065612,18.4529352
"thomada01",-86.80249,33.5206608
"thomade01",-118.2436849,34.0522342
"thomaer01",-82.0142597,34.4990116
"thomafr04",-84.9877094,32.4609764
"thomaga01",-117.1610838,32.715738
"thomago01",-79.9310512,32.7764749
"thomala01",-80.1917902,25.7616798
"thomami01",-121.4943996,38.5815719
"thomaro02",-77.2900787,38.5229229
"thomast01",-70.5508829,44.5536606
"thompbo01",-80.8431267,35.2270869
"thompda01",-97.330053,37.6871761
"thompja01",-118.3286614,34.0928092
"thompmi01",-104.990251,39.7392358
"thompmi02",-77.0368707,38.9071923
"thompri01",-74.0059413,40.7127837
"thompro01",-80.0533746,26.7153424
"thompry01",-76.0690036,39.2188663
"thompsc01",-80.0886703,41.1578377
"thondi01",-86.2519898,41.6763545
"thormpa01",-122.4194155,37.7749295
"thornan01",-85.7077266,32.430237
"thornlo01",-86.2999689,32.3668052
"thornot01",-86.9311047,33.5595501
"throoge01",-118.1445155,34.1477849
"thurmga01",-86.158068,39.768403
"thurmma01",-95.3698028,29.7604267
"tiantlu01",-82.4211025,23.0695663
"tibbsja01",-86.80249,33.5206608
"tidrodi01",-122.4194155,37.7749295
"tillmru01",-81.655651,30.3321838
"tilloth01",-120.4829677,37.3021632
"timbega01",-86.0855232,38.031738
"timlimi01",-102.0779146,31.9973456
"timmeto01",-89.5270306,38.6106042
"tinglro01",-68.0158615,46.681153
"tinslle01",-85.2235666,38.2120144
"tischto01",-94.5785667,39.0997265
"tobikda01",-81.5267873,41.5931049
"toddja01",-95.992775,36.1539816
"toddji01",-76.3055144,40.0378755
"tolanbo01",-118.2436849,34.0522342
"tolenjo01",-99.133208,19.4326077
"tolivfr01",-91.403171,31.5604442
"tollewa01",-81.9320482,34.9495672
"tolmati01",-118.4911912,34.0194543
"tombean01",-80.5495112,34.9854275
"tomlida01",-83.744365,38.6411854
"tomlira01",-76.0783826,39.6290143
"tompkro01",-117.1610838,32.715738
"tomsto01",-78.4766781,38.0293059
"toppiru01",-79.4028639,9.1011785
"torboje01",-74.4073736,40.6337136
"torrean01",-70.7997312,18.4006365
"torrehe01",-100.3161126,25.6866142
"torrejo01",-73.9441579,40.6781784
"torremi01",-95.6890185,39.0558235
"torrepa01",-69.3473509,10.0677719
"torreru01",-67.1540698,18.4274454
"torveke01",-103.2310149,44.0805434
"tovarce01",-66.9511459,10.5004352
"trabeji01",-82.9987942,39.9611755
"tracyji01",-84.5613355,39.3995008
"trammal01",-117.9414477,33.7739053
"trautjo01",-75.2250212,40.0480556
"travebi01",-71.1989695,42.1943909
"traxlbr01",-87.8447938,42.3636331
"treadje01",-84.9877094,32.4609764
"tremich01",-95.3698028,29.7604267
"trevial01",-100.3161126,25.6866142
"trevibo01",-100.3161126,25.6866142
"trillma01",-63.1030766,10.1073045
"trlicri01",-95.3698028,29.7604267
"troedri01",-122.1430195,37.4418834
"trombmi01",-72.589811,42.1014831
"troutst01",-83.0457538,42.331427
"trujimi01",-104.990251,39.7392358
"tsamige01",-121.9499568,37.2871651
"tubbsgr01",-85.8141516,35.9606185
"tuckeed01",-91.0377029,33.399661
"tudorjo01",-73.9395687,42.8142432
"tuftsbo01",-71.1061639,42.4184296
"tunnele01",-95.3010624,32.3512601
"turanbr01",-118.1937395,33.7700504
"turnech01",-86.4808043,36.9685219
"turneje01",-94.0376881,33.4417915
"turneke01",-71.4161565,42.279286
"turnema01",-84.5037164,38.0405837
"turnesh01",-118.2436849,34.0522342
"twitcwa01",-122.6764816,45.5230622
"twittje01",-80.7709014,34.7204257
"tyronji01",-98.0697249,27.7522487
"tyronwa01",-98.0697249,27.7522487
"tysonmi01",-77.7905339,35.9382103
"ujdurje01",-92.1004852,46.7866719
"ullgesc01",-74.0059413,40.7127837
"umbacar01",-76.7074571,37.2707022
"umbarji01",-118.3089661,34.1808392
"underpa01",-86.1336033,40.486427
"underto01",-86.1336033,40.486427
"unserde01",-88.9548001,39.8403147
"uphamjo01",-83.0363633,42.3149367
"upshace01",-92.6051518,32.9359723
"upshawi01",-98.4214095,30.0979862
"urbanto01",-122.0307963,36.9741171
"uribejo01",-70.1030668,18.4188797
"urreajo01",-118.2436849,34.0522342
"vailmi01",-122.4194155,37.7749295
"valdeef01",-70.1976733,18.244409
"valdeju01",-70.1030668,18.4188797
"valdera01",-70.1976733,18.244409
"valdese01",-71.7044138,18.8766964
"valenbo02",-73.5387341,41.0534302
"valenel01",-90.5900273,34.5291253
"valenfe01",-109.4437493,27.0727573
"valenjo02",-73.6406845,40.7492678
"valenjo03",-66.4866733,18.4204876
"valerju01",-67.1540698,18.4274454
"valleda01",-73.7654367,40.7585569
"vallehe01",-66.38767,18.4443908
"vanbuty01",-122.2711137,37.8043637
"vancesa01",-102.6207496,38.0872307
"vandeed01",-117.1825381,34.0555693
"vandejo02",-85.6680863,42.9633599
"vanegti01",-93.7501789,32.5251516
"vangoda01",-118.2436849,34.0522342
"vanslan01",-75.232664,43.100903
"vargaed01",-66.910939,17.9696305
"varnepe01",-71.0913748,42.3151978
"varshga01",-90.1717987,44.6688524
"vasqura01",-68.9658817,18.4338645
"vatchji01",-118.4911912,34.0194543
"vaughch01",-97.9136112,26.1497977
"vaughde01",-97.5164276,35.4675602
"vaughgl01",-118.2200712,33.8958492
"vaughgr01",-121.4943996,38.5815719
"vaughmo01",-73.4081575,41.117744
"vegaje01",-66.1659674,18.3691963
"velarra01",-102.0779146,31.9973456
"velasgu01",-115.4522623,32.6245389
"velazca01",-65.87836,18.4329904
"velezot01",-66.6140616,18.0110768
"venabma01",-112.0740373,33.4483771
"venturo01",-120.4357191,34.9530337
"verbajo01",-80.2461714,40.17396
"veresda01",-86.2999689,32.3668052
"veresra01",-122.4194155,37.7749295
"verhojo01",-118.1937395,33.7700504
"veryzto01",-73.0692732,40.9464875
"veselbo01",-79.9958864,40.4406248
"vidaljo01",-69.0590229,18.5891468
"villahe01",-66.0404057,18.3894791
"vinafe01",-121.4943996,38.5815719
"vineyda01",-81.0851086,38.4603788
"vinsoch01",-77.0368707,38.9071923
"violafr01",-73.6187397,40.7062128
"virgioz02",-67.1451517,18.2013463
"vizcajo01",-70.1030668,18.4188797
"vizquom01",-66.9511459,10.5004352
"voigtja01",-82.5306527,27.3364347
"vonhobr01",-122.2711137,37.8043637
"vonohda01",-73.833079,40.7674987
"vosbeed01",-110.926479,32.2217429
"vossbi01",-118.255075,34.1425078
"vuckope01",-78.9219698,40.3267407
"vukovge01",-87.6297982,41.8781136
"vukovjo01",-121.4943996,38.5815719
"waddeto01",-2.970721,56.462018
"wagnega01",-87.7600285,38.7058806
"wagnehe02",-71.2309935,18.8096268
"wagnema01",-80.5542409,41.9475551
"wagnepa01",-87.9064736,43.0389025
"wainhda01",-79.3831843,43.653226
"waitsri01",-84.3879824,33.7489954
"wakamdo01",-121.5214623,45.7053966
"wakefbi01",-94.5785667,39.0997265
"wakefti01",-80.6081089,28.0836269
"walbema01",-121.4943996,38.5815719
"walewji01",-87.6297982,41.8781136
"walkbo01",-118.451357,34.1898566
"walkech01",-90.1848103,32.2987573
"walkedu01",-95.2091006,29.6910625
"walkegr01",-82.8498654,31.5088073
"walkela01",-122.598398,49.2193226
"walkelu01",-94.616319,33.5087256
"walkemi01",-87.6297982,41.8781136
"walkemi02",-95.3698028,29.7604267
"walkepe01",-70.880049,42.5584283
"walketo02",-82.4571776,27.950575
"walketo03",-117.1610838,32.715738
"wallada01",-73.0514965,41.5581525
"wallado02",-96.1141664,35.9987007
"wallami01",-81.1873005,35.262082
"wallati01",-117.9992265,33.660297
"walldo01",-90.7879086,37.936438
"wallety01",-119.7725868,36.7468422
"wallide01",-74.0314165,40.2005472
"wallijo01",-90.1506465,38.624514
"wallst01",-94.3305059,38.2586347
"walshda01",-71.1564729,42.4153925
"waltech01",-93.2650108,44.977753
"walteda01",-69.9669961,43.9140162
"waltege01",-87.6297982,41.8781136
"waltemi01",-90.1994042,38.6270025
"waltobr01",-119.0187125,35.3732921
"waltoda01",-118.2436849,34.0522342
"waltoje01",-84.7996573,33.3806716
"waltore01",-94.5785667,39.0997265
"wantzdi01",-118.2120161,33.954737
"wapnist01",-118.442425,34.227617
"wardch02",-122.2711137,37.8043637
"wardco01",-118.2436849,34.0522342
"wardco02",-84.5555347,42.732535
"warddu01",-106.6363098,36.6988051
"wardejo01",-82.9987942,39.9611755
"wardga01",-118.2436849,34.0522342
"wardke01",-75.2837862,40.2414952
"wardlcu01",-118.1331593,33.9401088
"wardtu01",-81.3792365,28.5383355
"warneja02",-79.2447608,38.6248402
"warneja03",-118.0019482,34.1442616
"warremi01",-118.3531311,33.9616801
"warthda01",-95.9979883,41.2523634
"washbgr01",-88.2856185,41.2878096
"washicl01",-118.2436849,34.0522342
"washila01",-118.1937395,33.7700504
"washiro01",-90.0715323,29.9510658
"washiu_01",-96.0533252,34.46676
"wasinma01",-121.8946761,36.6002378
"waslega01",-72.8070435,41.5381535
"waterst01",-89.2167501,37.7272727
"wathajo01",-91.6656232,41.9778795
"watkibo01",-122.4194155,37.7749295
"watkida01",-87.1111676,37.7719074
"watsobo01",-118.2436849,34.0522342
"watted01",-93.9341158,40.622777
"waynega01",-83.1763145,42.3222599
"weathda01",-87.3347389,35.2423023
"weavefl01",-95.7688511,33.4767736
"weaveji03",-73.9973608,41.9270367
"weavero01",-74.190356,42.9377453
"webbha01",-73.3998445,40.6814892
"weberbe01",-93.939947,29.8849504
"webstle01",-90.0715323,29.9510658
"webstmi01",-99.098713,38.1805693
"webstra02",-79.9416549,9.3352868
"wedgeer01",-85.1393513,41.079273
"wegenmi01",-104.990251,39.7392358
"wegmabi01",-84.5120196,39.1031182
"wehnejo01",-79.9958864,40.4406248
"wehrmda01",-87.7936685,41.8505874
"weissga01",-96.3977442,30.1668828
"weisswa01",-74.1944529,41.2376671
"welchbo01",-83.0457538,42.331427
"welchdo01",-94.1643537,33.1137419
"wellmbr01",-121.2722194,38.1341477
"wellsbo01",-120.5058987,46.6020711
"wellsda01",-118.3406288,33.8358492
"wellsgr01",-88.0313903,31.2662818
"wellste01",-87.8611531,41.1200325
"welshch01",-75.5397878,39.7390721
"wendetu01",-73.2453824,42.4500845
"wengedo01",-96.4003069,42.4999942
"wenzfr01",-74.5384889,40.5684363
"wernedo01",-88.4153847,44.2619309
"werthde01",-89.3648183,40.1483768
"wertzbi01",-81.6943605,41.49932
"wessiji01",-75.232664,43.100903
"westda01",-90.0489801,35.1495343
"westomi01",-83.6874562,43.0125274
"wetheje01",-118.5021527,34.2793576
"wettejo01",-122.3255254,37.5629917
"weverst01",8.7667933,50.8021728
"wheelga01",-119.0187125,35.3732921
"whillja01",-92.4604361,35.5914665
"whisela01",-90.1994042,38.6270025
"whitalo01",-73.9441579,40.6781784
"whitast01",-122.4442906,47.2528768
"whitbbi01",-78.1233329,37.1732074
"whitede03",-76.8099041,18.0178743
"whitede04",-122.5310874,37.9735346
"whiteed02",-74.8518311,40.1006661
"whitefr01",-91.0377029,33.399661
"whiteje01",-71.6495176,42.5437035
"whitela01",-6.1965948,36.4718646
"whitele01",-73.212072,44.4758825
"whitema01",-87.2169149,30.421309
"whitema02",-89.350631,36.9208854
"whitemy01",-118.1937395,33.7700504
"whiteri01",-83.8088171,39.9242266
"whitero01",-118.2436849,34.0522342
"whitewa02",-93.7501789,32.5251516
"whitfte01",-114.5882607,33.6177725
"whitmda01",-117.1825381,34.0555693
"whitmda02",-78.1944446,38.9181671
"whitsed01",-82.3534727,36.3134397
"whitter01",-83.0457538,42.331427
"wickake01",-94.1680158,42.4974694
"wickefl01",-79.4377991,36.0956918
"wickmbo01",-88.019826,44.519159
"wiedeto01",-91.9193422,44.8755183
"wieghto01",-87.6355995,41.506146
"wiggial01",-118.2436849,34.0522342
"wihtosa01",-122.1430195,37.4418834
"wilbote01",-97.1466695,31.549333
"wilcomi01",-157.8583333,21.3069444
"wilesra01",-77.1542684,38.7188716
"wileyma01",-117.0991967,32.6781085
"wilforo01",-118.1445155,34.1477849
"wilheji01",-122.5310874,37.9735346
"wilkecu01",-77.4019267,37.2279279
"wilkibi01",-108.0562132,44.4891239
"wilkide01",-87.6800486,41.6572562
"wilkier01",-90.1994042,38.6270025
"wilkiri01",-81.655651,30.3321838
"willaje01",-119.1770516,34.1975048
"willhni01",-95.992775,36.1539816
"willial03",-83.6747342,12.3390296
"willibe01",-122.2416355,37.7652065
"willibe02",-66.1057217,18.4663338
"willibr01",-80.7709014,34.7204257
"willica01",-79.3950228,36.5859718
"willich01",-73.833079,40.7674987
"willida05",-73.9441579,40.6781784
"willida06",-80.5895167,40.4189566
"williea02",-74.1723667,40.735657
"willied01",-93.7501789,32.5251516
"willifr01",-122.3320708,47.6062095
"willige02",-90.0715323,29.9510658
"willige03",-91.2395807,43.8013556
"williji03",-120.4357191,34.9530337
"williji04",-91.1564961,30.6485191
"willike02",-122.272747,37.8715926
"willima02",-76.8077338,42.0897965
"willima03",-95.3698028,29.7604267
"willima04",-118.3996636,37.3614238
"willima05",-97.396381,27.8005828
"willimi01",-97.5164276,35.4675602
"willimi02",-117.8678338,33.7455731
"willimi03",-80.5764477,37.1317924
"willire01",-90.0489801,35.1495343
"willire02",-82.0142597,34.4990116
"williri03",-120.4829677,37.3021632
"williro01",-86.5804473,35.5174913
"williwa02",-98.9911611,31.7093197
"williwo02",-95.3698028,29.7604267
"willoji01",-121.6555013,36.6777372
"willsbu01",-77.0368707,38.9071923
"willsfr01",-90.0715323,29.9510658
"wilmepa01",-88.019826,44.519159
"wilshte01",-120.6707255,35.4894169
"wilsobi03",-82.033752,39.0275781
"wilsocr01",-76.4921829,38.9784453
"wilsoda01",-87.9806265,42.0883603
"wilsode01",-73.6337389,40.8623217
"wilsodo01",-92.1193012,32.5093109
"wilsoga02",-92.8343294,33.5845581
"wilsogl01",-94.9774274,29.7355047
"wilsoji03",-123.2620435,44.5645659
"wilsomo01",-81.0348202,33.2971012
"wilsost01",-123.3656444,48.4284207
"wilsota01",-93.7501789,32.5251516
"wilsotr01",-118.3406288,33.8358492
"wilsowi02",-86.2999689,32.3668052
"winero01",-75.3399048,40.121497
"winnihe01",-80.8556476,33.4918203
"winnji01",-121.2907796,37.9577016
"winstda01",-74.1284764,40.8567662
"wintema01",-78.8783689,42.8864468
"wirthal01",-111.8314724,33.4151843
"wiseri01",-84.4013462,42.245869
"wissmda01",-72.5994104,42.587915
"witmero01",-73.3062302,40.7062104
"wittbo01",-77.1067698,38.8799697
"wittmi01",-117.9242966,33.8703596
"wockejo01",-81.5845513,37.4328913
"wohlfji01",-119.2920585,36.3302284
"wojcijo01",-78.429927,42.083639
"wojnaed01",-73.1951767,41.1865478
"wolfela01",-80.6081089,28.0836269
"wolfwa01",-118.2120161,33.954737
"womacto01",-79.3950228,36.5859718
"woodabr01",-84.3879824,33.7489954
"woodada01",-94.3909818,35.4199069
"woodami01",-87.8567276,41.9005865
"woodja02",-117.2897652,34.1083449
"woodsal01",-122.2711137,37.8043637
"woodsdi01",-91.9119586,42.6784949
"woodsga01",-119.6981901,34.4208305
"woodske01",-81.655651,30.3321838
"woodsro01",-84.5613355,39.3995008
"woodstr01",-77.4360481,37.5407246
"woodte01",-82.5154471,40.75839
"woodwbo01",-72.2895526,43.7022451
"woodwi01",-71.1097335,42.3736158
"woodwwo01",-80.1917902,25.7616798
"worreti01",-118.1445155,34.1477849
"worreto01",-118.0353449,34.1397292
"worthcr01",-118.2436849,34.0522342
"worthri01",-102.3676431,31.8456816
"wotusro01",-72.6850932,41.7637111
"wrighcl01",-83.492396,36.122311
"wrighge03",-97.5164276,35.4675602
"wrighji02",-85.5100498,43.8750174
"wrighji03",-94.846681,39.7674578
"wrighke01",-87.2169149,30.421309
"wrighri01",-95.555513,33.6609389
"wronari01",-95.992775,36.1539816
"wynegbu01",-76.727745,39.9625984
"wynnebi02",-77.0555114,35.8546039
"wynnema01",-87.6297982,41.8781136
"wynnji01",-84.5120196,39.1031182
"yabuke01",136.5085883,34.7302829
"yancyhu01",-82.5306527,27.3364347
"yatesal01",-74.0776417,40.7281575
"yeagest01",-82.445154,38.4192496
"yeldier01",-87.8957963,30.5718684
"yellela01",-73.9441579,40.6781784
"yettri01",-117.7499909,34.055103
"yorkji01",-118.185349,33.9866807
"yorkmi01",-87.7845025,41.8850317
"yoshima01",135.1708083,34.2305113
"yostne01",-124.1636729,40.8020712
"youmafl01",-82.4571776,27.950575
"youngan01",-95.3698028,29.7604267
"youngcl01",-95.4799418,30.4249276
"youngcu01",-83.9508068,43.4194699
"youngdo01",-95.3698028,29.7604267
"younger01",-74.4518188,40.4862157
"younger02",-87.6297982,41.8781136
"youngge02",-87.4653502,15.7732601
"youngjo01",-118.2436849,34.0522342
"youngjo02",-95.3698028,29.7604267
"youngke01",-83.4327528,45.0616794
"youngki01",-83.9040944,38.8645138
"youngma01",-118.1445155,34.1477849
"youngmi01",-122.2711137,37.8043637
"youngpe02",-90.8967682,31.4723928
"yountla01",-95.3698028,29.7604267
"yountro01",-87.6300207,40.124481
"yurakje01",-118.1445155,34.1477849
"zachach02",-83.9207392,35.9606384
"zachrpa01",-95.7607832,29.5821811
"zahnge01",-76.6121893,39.2903848
"zambred01",-71.7147951,10.6544509
"zamoros01",-77.9053182,21.3926035
"zaskeje01",-122.3320708,47.6062095
"zavarcl01",-104.990251,39.7392358
"zdebjo01",-89.0812008,41.6944753
"zeberge01",-80.2864515,40.8617303
"zeileto01",-118.451357,34.1898566
"zelleba01",-87.6355995,41.506146
"zeppbi01",-83.0457538,42.331427
"ziemst01",-87.9064736,43.0389025
"zinteal01",-106.4850217,31.7618778
"ziskri01",-73.9441579,40.6781784
"zoskyed01",-118.032844,33.9791793
"zuberjo01",-118.5214282,34.1517492
"zupcibo01",-79.9958864,40.4406248
"zuvelpa01",-122.3255254,37.5629917
